{
    "images": [
        {
            "height": 480,
            "width": 640,
            "id": 0,
            "file_name": "01.jpg"
        },
        {
            "height": 600,
            "width": 800,
            "id": 1,
            "file_name": "02.jpg"
        },
        {
            "height": 400,
            "width": 600,
            "id": 2,
            "file_name": "03.jpg"
        },
        {
            "height": 480,
            "width": 640,
            "id": 3,
            "file_name": "04.jpg"
        },
        {
            "height": 4288,
            "width": 2848,
            "id": 4,
            "file_name": "05.jpg"
        },
        {
            "height": 1200,
            "width": 1600,
            "id": 5,
            "file_name": "06.jpg"
        },
        {
            "height": 300,
            "width": 400,
            "id": 6,
            "file_name": "07.jpg"
        },
        {
            "height": 607,
            "width": 800,
            "id": 7,
            "file_name": "08.jpg"
        },
        {
            "height": 1200,
            "width": 1600,
            "id": 8,
            "file_name": "09.jpg"
        },
        {
            "height": 1200,
            "width": 1600,
            "id": 9,
            "file_name": "10.jpg"
        },
        {
            "height": 480,
            "width": 640,
            "id": 10,
            "file_name": "11.jpg"
        },
        {
            "height": 1200,
            "width": 1600,
            "id": 11,
            "file_name": "12.jpg"
        },
        {
            "height": 194,
            "width": 259,
            "id": 12,
            "file_name": "13.jpg"
        },
        {
            "height": 420,
            "width": 700,
            "id": 13,
            "file_name": "14.jpg"
        },
        {
            "height": 368,
            "width": 600,
            "id": 14,
            "file_name": "15.jpg"
        },
        {
            "height": 284,
            "width": 260,
            "id": 15,
            "file_name": "16.jpg"
        },
        {
            "height": 1365,
            "width": 2048,
            "id": 16,
            "file_name": "17.jpg"
        },
        {
            "height": 135,
            "width": 372,
            "id": 17,
            "file_name": "18.jpg"
        },
        {
            "height": 768,
            "width": 1024,
            "id": 18,
            "file_name": "19.jpg"
        },
        {
            "height": 600,
            "width": 800,
            "id": 19,
            "file_name": "20.jpg"
        },
        {
            "height": 600,
            "width": 800,
            "id": 20,
            "file_name": "21.jpg"
        },
        {
            "height": 450,
            "width": 600,
            "id": 21,
            "file_name": "22.jpg"
        },
        {
            "height": 768,
            "width": 1024,
            "id": 22,
            "file_name": "23.jpg"
        },
        {
            "height": 2736,
            "width": 3648,
            "id": 23,
            "file_name": "24.jpg"
        },
        {
            "height": 768,
            "width": 1024,
            "id": 24,
            "file_name": "25.jpg"
        },
        {
            "height": 289,
            "width": 400,
            "id": 25,
            "file_name": "26.jpg"
        },
        {
            "height": 710,
            "width": 1291,
            "id": 26,
            "file_name": "27.jpg"
        },
        {
            "height": 600,
            "width": 800,
            "id": 27,
            "file_name": "28.jpg"
        },
        {
            "height": 600,
            "width": 800,
            "id": 28,
            "file_name": "29.jpg"
        },
        {
            "height": 937,
            "width": 1250,
            "id": 29,
            "file_name": "30.jpg"
        },
        {
            "height": 600,
            "width": 800,
            "id": 30,
            "file_name": "31.jpg"
        },
        {
            "height": 1536,
            "width": 2048,
            "id": 31,
            "file_name": "32.jpg"
        },
        {
            "height": 600,
            "width": 800,
            "id": 32,
            "file_name": "33.jpg"
        },
        {
            "height": 564,
            "width": 1000,
            "id": 33,
            "file_name": "34.jpg"
        },
        {
            "height": 315,
            "width": 420,
            "id": 34,
            "file_name": "35.jpg"
        }
    ],
    "categories": [
        {
            "supercategory": "container",
            "id": 0,
            "name": "container"
        }
    ],
    "annotations": [
        {
            "segmentation": [
                [
                    363.99999999999994,
                    137.14285714285714,
                    481.8571428571428,
                    137.85714285714283,
                    481.8181818181818,
                    161.32511556240368,
                    364.6153846153846,
                    160.3846153846154
                ]
            ],
            "iscrowd": 0,
            "area": 2744.658174755037,
            "image_id": 0,
            "bbox": [
                363.0,
                137.0,
                118.0,
                24.0
            ],
            "category_id": 0,
            "id": 1
        },
        {
            "segmentation": [
                [
                    653.7234042553191,
                    153.98936170212764,
                    764.3617021276596,
                    161.70212765957447,
                    764.8936170212766,
                    186.17021276595744,
                    655.0531914893617,
                    181.11702127659572
                ]
            ],
            "iscrowd": 0,
            "area": 2837.9993775463954,
            "image_id": 1,
            "bbox": [
                653.0,
                153.0,
                111.0,
                33.0
            ],
            "category_id": 0,
            "id": 2
        },
        {
            "segmentation": [
                [
                    318.974358974359,
                    87.17948717948718,
                    333.5897435897436,
                    84.61538461538461,
                    335.12820512820514,
                    255.12820512820514,
                    321.7948717948718,
                    254.35897435897436
                ]
            ],
            "iscrowd": 0,
            "area": 2361.472715318858,
            "image_id": 2,
            "bbox": [
                318.0,
                84.0,
                17.0,
                171.0
            ],
            "category_id": 0,
            "id": 3
        },
        {
            "segmentation": [
                [
                    373.6013986013986,
                    148.42657342657344,
                    487.93706293706293,
                    148.7762237762238,
                    487.76223776223776,
                    173.6013986013986,
                    373.0769230769231,
                    172.90209790209792
                ]
            ],
            "iscrowd": 0,
            "area": 2822.906988116767,
            "image_id": 3,
            "bbox": [
                373.0,
                148.0,
                114.0,
                25.0
            ],
            "category_id": 0,
            "id": 4
        },
        {
            "segmentation": [
                [
                    1470.0,
                    735.0,
                    2245.0,
                    610.0,
                    2248.3333333333335,
                    931.6666666666667,
                    1470.0,
                    1026.6666666666667
                ]
            ],
            "iscrowd": 0,
            "area": 238361.111111111,
            "image_id": 4,
            "bbox": [
                1470.0,
                610.0,
                778.0,
                416.0
            ],
            "category_id": 0,
            "id": 5
        },
        {
            "segmentation": [
                [
                    572.2222222222222,
                    257.14285714285717,
                    1215.873015873016,
                    238.0952380952381,
                    1219.8412698412699,
                    330.1587301587302,
                    567.4603174603175,
                    351.58730158730157
                ]
            ],
            "iscrowd": 0,
            "area": 60422.02066011581,
            "image_id": 5,
            "bbox": [
                567.0,
                238.0,
                652.0,
                113.0
            ],
            "category_id": 0,
            "id": 6
        },
        {
            "segmentation": [
                [
                    59.51785714285714,
                    47.32142857142857,
                    275.58928571428567,
                    50.44642857142857,
                    275.1428571428571,
                    80.80357142857142,
                    61.303571428571416,
                    81.69642857142857
                ]
            ],
            "iscrowd": 0,
            "area": 6956.5130739795895,
            "image_id": 6,
            "bbox": [
                59.0,
                47.0,
                216.0,
                34.0
            ],
            "category_id": 0,
            "id": 7
        },
        {
            "segmentation": [
                [
                    419.46902654867256,
                    115.929203539823,
                    593.8053097345132,
                    113.27433628318583,
                    594.1002949852507,
                    146.90265486725664,
                    420.6489675516224,
                    146.90265486725664
                ]
            ],
            "iscrowd": 0,
            "area": 5617.902733181923,
            "image_id": 7,
            "bbox": [
                419.0,
                113.0,
                175.0,
                33.0
            ],
            "category_id": 0,
            "id": 8
        },
        {
            "segmentation": [
                [
                    1103.623188405797,
                    429.7101449275362,
                    1154.3478260869565,
                    426.8115942028985,
                    1150.0,
                    833.3333333333333,
                    1113.0434782608695,
                    833.3333333333333
                ]
            ],
            "iscrowd": 0,
            "area": 17762.28733459348,
            "image_id": 8,
            "bbox": [
                1103.0,
                426.0,
                51.0,
                407.0
            ],
            "category_id": 0,
            "id": 9
        },
        {
            "segmentation": [
                [
                    903.623188405797,
                    285.50724637681157,
                    1281.159420289855,
                    277.53623188405794,
                    1282.6086956521738,
                    357.2463768115942,
                    902.1739130434781,
                    358.695652173913
                ]
            ],
            "iscrowd": 0,
            "area": 28973.167401806335,
            "image_id": 9,
            "bbox": [
                902.0,
                277.0,
                380.0,
                81.0
            ],
            "category_id": 0,
            "id": 10
        },
        {
            "segmentation": [
                [
                    111.85714285714283,
                    174.99999999999997,
                    561.1428571428571,
                    167.85714285714283,
                    570.4285714285713,
                    239.28571428571425,
                    110.42857142857142,
                    242.85714285714283
                ]
            ],
            "iscrowd": 0,
            "area": 31683.67346938775,
            "image_id": 10,
            "bbox": [
                110.0,
                167.0,
                460.0,
                75.0
            ],
            "category_id": 0,
            "id": 11
        },
        {
            "segmentation": [
                [
                    504.76190476190476,
                    168.25396825396825,
                    841.2698412698412,
                    113.4920634920635,
                    845.2380952380952,
                    194.44444444444446,
                    508.73015873015873,
                    234.12698412698413
                ]
            ],
            "iscrowd": 0,
            "area": 24891.345427059743,
            "image_id": 11,
            "bbox": [
                504.0,
                113.0,
                341.0,
                121.0
            ],
            "category_id": 0,
            "id": 12
        },
        {
            "segmentation": [
                [
                    46.763005780346816,
                    16.76300578034682,
                    47.05202312138728,
                    40.7514450867052,
                    226.53179190751445,
                    36.994219653179194,
                    226.53179190751445,
                    12.427745664739884
                ]
            ],
            "iscrowd": 0,
            "area": 4361.405325938054,
            "image_id": 12,
            "bbox": [
                46.0,
                12.0,
                180.0,
                28.0
            ],
            "category_id": 0,
            "id": 13
        },
        {
            "segmentation": [
                [
                    96.80851063829786,
                    103.19148936170212,
                    239.36170212765956,
                    96.80851063829786,
                    240.15957446808508,
                    123.40425531914893,
                    97.34042553191489,
                    128.98936170212764
                ]
            ],
            "iscrowd": 0,
            "area": 3741.901029877765,
            "image_id": 13,
            "bbox": [
                96.0,
                96.0,
                144.0,
                32.0
            ],
            "category_id": 0,
            "id": 14
        },
        {
            "segmentation": [
                [
                    499.99999999999994,
                    88.82978723404254,
                    500.2659574468085,
                    114.62765957446808,
                    657.7127659574468,
                    108.24468085106382,
                    656.3829787234042,
                    81.64893617021276
                ]
            ],
            "iscrowd": 0,
            "area": 4116.080522861026,
            "image_id": 13,
            "bbox": [
                499.0,
                81.0,
                158.0,
                33.0
            ],
            "category_id": 0,
            "id": 15
        },
        {
            "segmentation": [
                [
                    183.93665158371041,
                    64.93212669683258,
                    183.93665158371041,
                    79.63800904977376,
                    268.7782805429864,
                    83.710407239819,
                    268.552036199095,
                    65.83710407239819,
                    184.6153846153846,
                    61.085972850678736
                ]
            ],
            "iscrowd": 0,
            "area": 1542.9403574865428,
            "image_id": 14,
            "bbox": [
                183.0,
                61.0,
                85.0,
                22.0
            ],
            "category_id": 0,
            "id": 16
        },
        {
            "segmentation": [
                [
                    118.05084745762713,
                    71.61016949152543,
                    235.84745762711867,
                    67.37288135593221,
                    236.6949152542373,
                    99.15254237288136,
                    119.32203389830511,
                    99.57627118644068
                ]
            ],
            "iscrowd": 0,
            "area": 3515.0639184142456,
            "image_id": 15,
            "bbox": [
                118.0,
                67.0,
                118.0,
                32.0
            ],
            "category_id": 0,
            "id": 17
        },
        {
            "segmentation": [
                [
                    1362.0,
                    397.0,
                    2047.0,
                    388.0,
                    2047.0,
                    501.0,
                    1368.1224489795918,
                    503.12244897959187
                ]
            ],
            "iscrowd": 0,
            "area": 74731.0714285716,
            "image_id": 16,
            "bbox": [
                1362.0,
                388.0,
                685.0,
                115.0
            ],
            "category_id": 0,
            "id": 18
        },
        {
            "segmentation": [
                [
                    250.17921146953404,
                    5.3476702508960585,
                    249.82078853046593,
                    21.835125448028677,
                    371.0,
                    24.0,
                    371.0,
                    1.0
                ]
            ],
            "iscrowd": 0,
            "area": 2388.7954484140737,
            "image_id": 17,
            "bbox": [
                249.0,
                1.0,
                122.0,
                23.0
            ],
            "category_id": 0,
            "id": 19
        },
        {
            "segmentation": [
                [
                    464.8854961832061,
                    141.6030534351145,
                    675.9541984732824,
                    130.53435114503816,
                    675.9541984732824,
                    173.66412213740458,
                    465.64885496183206,
                    183.58778625954199
                ]
            ],
            "iscrowd": 0,
            "area": 8970.266884214245,
            "image_id": 18,
            "bbox": [
                464.0,
                130.0,
                211.0,
                53.0
            ],
            "category_id": 0,
            "id": 20
        },
        {
            "segmentation": [
                [
                    453.1914893617021,
                    121.27659574468085,
                    622.3404255319149,
                    120.4787234042553,
                    622.8723404255319,
                    154.52127659574467,
                    457.1808510638298,
                    154.7872340425532
                ]
            ],
            "iscrowd": 0,
            "area": 5656.08731326391,
            "image_id": 19,
            "bbox": [
                453.0,
                120.0,
                169.0,
                34.0
            ],
            "category_id": 0,
            "id": 21
        },
        {
            "segmentation": [
                [
                    474.09200968523004,
                    104.84261501210653,
                    662.953995157385,
                    105.32687651331719,
                    662.227602905569,
                    143.82566585956417,
                    477.2397094430993,
                    140.19370460048427
                ]
            ],
            "iscrowd": 0,
            "area": 6899.700414495048,
            "image_id": 20,
            "bbox": [
                474.0,
                104.0,
                188.0,
                39.0
            ],
            "category_id": 0,
            "id": 22
        },
        {
            "segmentation": [
                [
                    337.14285714285717,
                    90.54945054945055,
                    462.8571428571429,
                    94.06593406593407,
                    462.6373626373626,
                    120.21978021978022,
                    339.1208791208791,
                    116.48351648351648
                ]
            ],
            "iscrowd": 0,
            "area": 3242.2895785533183,
            "image_id": 21,
            "bbox": [
                337.0,
                90.0,
                125.0,
                30.0
            ],
            "category_id": 0,
            "id": 23
        },
        {
            "segmentation": [
                [
                    307.2916666666667,
                    150.69444444444446,
                    434.72222222222223,
                    120.48611111111111,
                    434.375,
                    159.02777777777777,
                    307.98611111111114,
                    181.25
                ]
            ],
            "iscrowd": 0,
            "area": 4389.1059027777665,
            "image_id": 22,
            "bbox": [
                307.0,
                120.0,
                127.0,
                61.0
            ],
            "category_id": 0,
            "id": 24
        },
        {
            "segmentation": [
                [
                    1463.6363636363635,
                    1018.1818181818181,
                    1547.2727272727273,
                    1009.090909090909,
                    1561.8181818181818,
                    1749.090909090909,
                    1483.6363636363635,
                    1723.6363636363635
                ]
            ],
            "iscrowd": 0,
            "area": 58333.88429752039,
            "image_id": 23,
            "bbox": [
                1463.0,
                1009.0,
                98.0,
                740.0
            ],
            "category_id": 0,
            "id": 25
        },
        {
            "segmentation": [
                [
                    2054.5454545454545,
                    1050.9090909090908,
                    2278.181818181818,
                    1045.4545454545453,
                    2280.0,
                    1145.4545454545453,
                    2056.363636363636,
                    1158.181818181818
                ]
            ],
            "iscrowd": 0,
            "area": 23193.38842975162,
            "image_id": 23,
            "bbox": [
                2054.0,
                1045.0,
                226.0,
                113.0
            ],
            "category_id": 0,
            "id": 26
        },
        {
            "segmentation": [
                [
                    306.5326633165829,
                    150.7537688442211,
                    433.16582914572865,
                    122.61306532663316,
                    434.1708542713568,
                    158.79396984924622,
                    308.5427135678392,
                    184.42211055276383
                ]
            ],
            "iscrowd": 0,
            "area": 4445.594808211914,
            "image_id": 24,
            "bbox": [
                306.0,
                122.0,
                128.0,
                62.0
            ],
            "category_id": 0,
            "id": 27
        },
        {
            "segmentation": [
                [
                    234.18965517241384,
                    36.63793103448276,
                    326.43103448275866,
                    34.48275862068966,
                    326.0,
                    57.758620689655174,
                    237.6379310344828,
                    59.05172413793104
                ]
            ],
            "iscrowd": 0,
            "area": 2065.528388822826,
            "image_id": 25,
            "bbox": [
                234.0,
                34.0,
                92.0,
                25.0
            ],
            "category_id": 0,
            "id": 28
        },
        {
            "segmentation": [
                [
                    789.7590361445782,
                    105.42168674698794,
                    1025.9036144578313,
                    98.19277108433734,
                    1022.8915662650602,
                    152.40963855421685,
                    784.9397590361446,
                    156.02409638554215
                ]
            ],
            "iscrowd": 0,
            "area": 12402.380606764462,
            "image_id": 26,
            "bbox": [
                784.0,
                98.0,
                241.0,
                58.0
            ],
            "category_id": 0,
            "id": 29
        },
        {
            "segmentation": [
                [
                    242.12765957446808,
                    105.95744680851064,
                    383.82978723404256,
                    96.59574468085106,
                    383.82978723404256,
                    134.46808510638297,
                    239.14893617021275,
                    139.5744680851064
                ]
            ],
            "iscrowd": 0,
            "area": 5107.559981892264,
            "image_id": 27,
            "bbox": [
                239.0,
                96.0,
                144.0,
                43.0
            ],
            "category_id": 0,
            "id": 30
        },
        {
            "segmentation": [
                [
                    678.7781350482315,
                    175.88424437299037,
                    703.8585209003215,
                    176.2057877813505,
                    695.4983922829582,
                    361.7363344051447,
                    671.7041800643087,
                    361.09324758842445
                ]
            ],
            "iscrowd": 0,
            "area": 4533.658667714335,
            "image_id": 28,
            "bbox": [
                671.0,
                175.0,
                32.0,
                186.0
            ],
            "category_id": 0,
            "id": 31
        },
        {
            "segmentation": [
                [
                    737.1621621621622,
                    200.0,
                    1004.7297297297298,
                    199.32432432432432,
                    1004.0540540540541,
                    258.1081081081081,
                    742.5675675675676,
                    252.7027027027027
                ]
            ],
            "iscrowd": 0,
            "area": 14740.00182615046,
            "image_id": 29,
            "bbox": [
                737.0,
                199.0,
                267.0,
                59.0
            ],
            "category_id": 0,
            "id": 32
        },
        {
            "segmentation": [
                [
                    202.9787234042553,
                    121.27659574468085,
                    323.82978723404256,
                    105.1063829787234,
                    324.6808510638298,
                    140.85106382978722,
                    205.95744680851064,
                    151.06382978723403
                ]
            ],
            "iscrowd": 0,
            "area": 3950.2037120869063,
            "image_id": 30,
            "bbox": [
                202.0,
                105.0,
                122.0,
                46.0
            ],
            "category_id": 0,
            "id": 33
        },
        {
            "segmentation": [
                [
                    810.4166666666667,
                    256.25,
                    1303.125,
                    208.33333333333334,
                    1305.2083333333335,
                    315.625,
                    820.8333333333334,
                    351.0416666666667
                ]
            ],
            "iscrowd": 0,
            "area": 49623.48090277787,
            "image_id": 31,
            "bbox": [
                810.0,
                208.0,
                495.0,
                143.0
            ],
            "category_id": 0,
            "id": 34
        },
        {
            "segmentation": [
                [
                    655.3191489361702,
                    146.80851063829786,
                    655.3191489361702,
                    181.27659574468083,
                    468.0851063829787,
                    182.9787234042553,
                    467.6595744680851,
                    144.68085106382978
                ]
            ],
            "iscrowd": 0,
            "area": 6819.827976459928,
            "image_id": 32,
            "bbox": [
                467.0,
                144.0,
                188.0,
                38.0
            ],
            "category_id": 0,
            "id": 35
        },
        {
            "segmentation": [
                [
                    361.8320610687023,
                    121.75572519083968,
                    547.3282442748091,
                    83.96946564885496,
                    550.3816793893129,
                    121.37404580152672,
                    359.5419847328244,
                    151.9083969465649
                ]
            ],
            "iscrowd": 0,
            "area": 6369.092710215031,
            "image_id": 33,
            "bbox": [
                359.0,
                83.0,
                191.0,
                68.0
            ],
            "category_id": 0,
            "id": 36
        },
        {
            "segmentation": [
                [
                    276.3286384976526,
                    51.64319248826291,
                    303.5586854460094,
                    51.64319248826291,
                    302.6197183098592,
                    203.75586854460096,
                    273.5117370892019,
                    203.28638497652582
                ]
            ],
            "iscrowd": 0,
            "area": 4278.6924992836575,
            "image_id": 34,
            "bbox": [
                273.0,
                51.0,
                30.0,
                152.0
            ],
            "category_id": 0,
            "id": 37
        }
    ]
}